team,o_effect,o_sd,d_effect,d_sd,net_effect
Abkhazia,0.18406656817404085,0.21872306038615566,-0.651352968733771,0.28494274568346095,0.8354195369078119
Afghanistan,-0.4890157261983608,0.1444604272597325,0.4689479724786233,0.11923539044594797,-0.9579636986769842
Åland,-0.534540973532873,0.3850808443311852,0.3839215211147584,0.3394154714326177,-0.9184624946476314
Åland Islands,-0.11691977972386657,0.2833605967462081,-0.022233119208133898,0.30226768648435787,-0.09468666051573267
Albania,0.16383355628412083,0.1117381347966814,-0.546761252978909,0.10956131925095794,0.7105948092630299
Alderney,-0.4384328799181925,0.31659625036779593,0.9346704506683109,0.22247474824231267,-1.3731033305865035
Algeria,0.6155875876899813,0.08445247855456214,-0.6032730530228776,0.1112459501849359,1.218860640712859
American Samoa,-1.1004483195264558,0.2970727236634665,1.7324944619485234,0.1653946256826851,-2.832942781474979
Andalusia,0.2891737129123224,0.4487766679157345,-0.17202617836858697,0.5366337787321669,0.4611998912809094
Andorra,-0.8914384211167773,0.17831987252982442,0.1410464084507806,0.08980869853905388,-1.032484829567558
Angola,0.07766058966982295,0.11122506264381471,-0.4472124631791929,0.11558660635293978,0.5248730528490159
Anguilla,-1.5006921598699774,0.25320121505219506,1.4529610803297583,0.11578581753254456,-2.9536532401997357
Antigua and Barbuda,-0.3169865898531104,0.1307575878699556,0.6044652785519896,0.11371874044950019,-0.9214518684051001
Arameans Suryoye,0.15768967983106238,0.38766605835798745,-0.2409631750974923,0.43206886416882045,0.3986528549285547
Argentina,1.089290817588724,0.07852326649640318,-1.2224372025064045,0.11336818738729522,2.3117280200951287
Armenia,0.2626987654633495,0.11262573462759484,-0.06180057291935176,0.09182859309524652,0.3244993383827013
Artsakh,0.29991954746721194,0.2782973814974096,-0.11736267991139188,0.347981524371065,0.4172822273786038
Aruba,-0.47495243512895574,0.16048787229396752,0.7374200267351303,0.14349151402429194,-1.212372461864086
Australia,0.6747428576429925,0.08347248375162881,-0.7505428999448027,0.11068803305273846,1.4252857575877953
Austria,0.6139842953428192,0.09499740407091856,-0.5904788730317502,0.10489704654483437,1.2044631683745695
Aymara,-0.16354394493895272,0.47522080948055834,0.26481634743777677,0.49416490107619704,-0.42836029237672946
Azerbaijan,-0.048949892501170725,0.12307381993930483,-0.24293418467542927,0.09685740556884032,0.19398429217425855
Bahamas,-0.8690639512986893,0.18336501360469074,1.0205091610274395,0.13513217354661036,-1.8895731123261288
Bahrain,0.13221215823421537,0.08677673210433991,-0.2808384722787116,0.09443354195610677,0.413050630512927
Bangladesh,-0.9584684540345226,0.1352213191280068,0.5385907410587526,0.10607469178856131,-1.4970591950932752
Barawa,-0.3456018943677878,0.2987426293425376,0.9460612742587224,0.23159834101750362,-1.2916631686265103
Barbados,-0.512358446552999,0.13271587110841987,0.5868253180573868,0.10837134501271929,-1.0991837646103857
Basque Country,0.8026738819448627,0.2682883275441045,-0.5078147314643813,0.3360171409638346,1.310488613409244
Belarus,0.17761311783009767,0.11298042640843475,-0.34095303818177786,0.09850919563547031,0.5185661560118755
Belgium,1.0177543343810818,0.07754315082496158,-0.8598773465502839,0.10873354346053474,1.8776316809313656
Belize,-0.5501273626580881,0.16616687687530707,0.24647080072202254,0.13471674248243792,-0.7965981633801107
Benin,0.10727690360838357,0.13191278689453936,-0.1781959041896396,0.12294669694792452,0.2854728077980232
Bermuda,-0.03850447866313858,0.12640471531911326,0.3176571449857582,0.13130208628161819,-0.3561616236488968
Bhutan,-1.0551868790101242,0.2059010775264347,1.4169294997992803,0.11039052364060789,-2.4721163788094045
Biafra,-0.3171443393038659,0.42871748020875233,-0.33892354849483863,0.538503872859957,0.02177920919097276
Bolivia,0.41749997434908,0.12002662968264274,-0.32623341790989785,0.08991429814380383,0.7437333922589778
Bonaire,-0.735278467076797,0.17940681202762573,1.1182719711607947,0.17025071111876752,-1.8535504382375918
Bosnia and Herzegovina,0.4185303034264375,0.10434776809512862,-0.459033594210908,0.10263258283199662,0.8775638976373454
Botswana,-0.1706071634078841,0.13072265674574624,-0.23048341177571205,0.11915083466296812,0.059876248367827956
Brazil,1.2126795453109296,0.07465368564782934,-1.3316408062530314,0.1185633337521508,2.544320351563961
British Virgin Islands,-1.1099482778695124,0.19702694269015028,1.3404451834723694,0.12350629004136084,-2.450393461341882
Brittany,0.002848363176389575,0.46934671235526604,-0.1277624080327684,0.5432707956058801,0.13061077120915796
Brunei,-0.9366621684894109,0.1967068540328711,1.3553336851770363,0.13601427614108016,-2.2919958536664473
Bulgaria,0.26040082581373614,0.11322955196135669,-0.39943598825468357,0.0998612804107164,0.6598368140684197
Burkina Faso,0.23730487258137362,0.10296292909365669,-0.4664571229376789,0.10716103570770834,0.7037619955190525
Burundi,-0.020942340834743202,0.13061320952547692,0.001222403967026077,0.12118543354839655,-0.02216474480176928
Cambodia,-0.8531639957895866,0.13652552799663756,0.9902425426826778,0.09701385928390445,-1.8434065384722644
Cameroon,0.30729746827268467,0.09570640101200037,-0.6437188636750122,0.10612901054330764,0.9510163319476969
Canada,0.5645637358340758,0.0900627692246717,-0.5309529336364706,0.10987839528969129,1.0955166694705465
Canary Islands,0.10358112218354912,0.5191196293088984,-0.09885045965629083,0.631370655217699,0.20243158183983995
Cape Verde,0.1821758416573494,0.12243945137484903,-0.418660408077332,0.13060898174996946,0.6008362497346814
Cascadia,0.356149980438348,0.2822406519587339,0.21942331629639866,0.3474187454898054,0.13672666414194934
Catalonia,0.6093470254358005,0.32265044196134635,-0.4154941939683798,0.3459432633169058,1.0248412194041803
Cayman Islands,-0.9628398923272985,0.19851325425087726,0.9558783213378297,0.13970363035858685,-1.9187182136651282
Central African Republic,0.08001650387965355,0.17094189363298545,0.031062624226357693,0.13858412561728387,0.048953879653295854
Chad,-0.28217157352151767,0.22070479810298627,0.2519378457741077,0.1539240445256732,-0.5341094192956254
Chagos Islands,-0.12473815052327658,0.31105700760083727,1.2088385769351475,0.2174464247075769,-1.333576727458424
Chameria,0.3117226887595392,0.30726513500398106,-0.23133254974295833,0.3542063662426547,0.5430552385024975
Chile,0.7006551683843137,0.09426414985446684,-0.8007370526995518,0.09746838284341933,1.5013922210838655
China PR,0.23496680561475725,0.09091380671132909,-0.3896747539232034,0.10374406347003033,0.6246415595379606
Colombia,0.7900286075153611,0.09563181540004854,-1.151018945405825,0.11406720916759888,1.9410475529211861
Comoros,-0.1039808413030528,0.15546519462445468,-0.016854085663860516,0.13542936598181665,-0.08712675563919228
Congo,0.06393206784087535,0.13295126614203237,-0.05201586841869263,0.1170910277274017,0.11594793625956798
Cook Islands,-0.9683498315950638,0.286807597663932,1.0940030421623843,0.20854723997570082,-2.0623528737574484
Corsica,0.015825823621995094,0.4279309013511374,-0.40811327367221617,0.48774460094611294,0.42393909729421125
Costa Rica,0.4167422857501221,0.09045209144984753,-0.5608688699372891,0.08944369595526117,0.9776111556874112
County of Nice,0.43694503143596364,0.3558271281192296,-0.1238536404110529,0.39182664071328227,0.5607986718470166
Crimea,-0.014394354653326264,0.48132380012512577,0.09584379216431618,0.5468030015697997,-0.11023814681764245
Croatia,0.7891218814510987,0.08531545546577055,-0.8727001602884465,0.10466059331909822,1.6618220417395453
Cuba,-0.1073487105713062,0.11995979725238459,0.03253879576695013,0.10534280632228675,-0.13988750633825633
Curaçao,-0.0248490768041494,0.12001288331640637,0.022632755100520756,0.12043847976738038,-0.04748183190467016
Cyprus,-0.02893878394629514,0.1279090515399114,-0.030364029106537512,0.08977729596219293,0.0014252451602423735
Czech Republic,0.6760875795001865,0.09028777885511931,-0.6818542608036103,0.10383184521202637,1.3579418403037968
Czechoslovakia,0.321883433228689,0.44180098464478174,-0.5354090511178627,0.4362381439619732,0.8572924843465517
Darfur,-0.4715557948428551,0.4420172440796568,1.9983789516530226,0.2204478275981868,-2.469934746495878
Denmark,0.7426380004625011,0.08606652169593296,-0.8775338521969562,0.11151497839115056,1.6201718526594573
Djibouti,-0.44026468738263325,0.1979426483840581,0.853031539074739,0.11344086177502723,-1.2932962264573722
Dominica,-0.7201765342851335,0.1543581432929684,0.4908986554683697,0.14327655292960095,-1.2110751897535033
Dominican Republic,-0.19381933851959482,0.1277639136905724,0.2100577188356149,0.13806000320547404,-0.40387705735520973
DR Congo,0.3025555981325004,0.10159575274959846,-0.4002420428589045,0.10917349245559571,0.702797640991405
Ecuador,0.7209870057457697,0.09764404824839983,-0.8005628026327656,0.1020924485397046,1.5215498083785353
Egypt,0.5218283881875899,0.08450995483145275,-0.712724478449874,0.11295470879919696,1.2345528666374639
El Salvador,-0.019953971379974338,0.10481208242494226,-0.2980274273363666,0.09421493094968618,0.27807345595639227
Ellan Vannin,0.19775845461505684,0.27583839966673146,-0.181390554178699,0.29947475574225213,0.37914900879375585
England,0.9800201053902154,0.0771015104251931,-1.1380463571800314,0.11815125880994229,2.1180664625702468
Equatorial Guinea,-0.04106741332508531,0.13591917720068675,-0.23356852710691395,0.1264097422389406,0.19250111378182863
Eritrea,-0.3650932049430771,0.3001431705596601,0.3894410078264208,0.22676482748283708,-0.754534212769498
Estonia,-0.0947751921950914,0.11108555461627631,-0.19569164423442964,0.0859031892093066,0.10091645203933824
Eswatini,-0.29104119881129764,0.14401740670442983,0.059181743554540985,0.1164448312128473,-0.3502229423658386
Ethiopia,0.0071776497673320516,0.11631512681364775,-0.018000103767935323,0.1107322702984772,0.025177753535267376
Falkland Islands,-0.561442182469379,0.2717937105749606,0.8261739752011851,0.189611959485075,-1.3876161576705641
Faroe Islands,-0.24929826194126142,0.14249515067961152,0.04121978016779002,0.09296177804000907,-0.29051804210905147
Felvidék,-0.07800595521775322,0.3906253469261778,-0.10539346741643855,0.37209667368314375,0.027387512198685335
Fiji,-0.12082239470451911,0.13664132599284226,3.568184359140005e-4,0.16606360815034424,-0.1211792131404331
Finland,0.31885881650623116,0.10217637706812954,-0.5866995854135072,0.10177860553444235,0.9055584019197384
France,1.0166425598085844,0.07566949431122781,-1.0877278735398623,0.11027329754112088,2.1043704333484468
French Guiana,-0.07000223352367291,0.12506149071748054,0.08383461722365927,0.14172961863166797,-0.15383685074733217
Frøya,-0.2291012839303006,0.2563283434470849,1.0691667225511552,0.20578469048234171,-1.2982680064814558
Gabon,0.1397008971322233,0.12112298409175261,-0.4204966789840758,0.12424078244151675,0.5601975761162991
Găgăuzia,-0.08655848479069024,0.5062112234620901,0.2530657338110899,0.6010963409272345,-0.3396242186017801
Galicia,0.19466035448939958,0.48493124313629754,-0.1658203271765089,0.5189691494605099,0.3604806816659085
Gambia,-0.1308293360601238,0.15361307615461367,-0.26364543659586837,0.13435462844034424,0.13281610053574455
Georgia,0.3369910187225428,0.10338281082640523,-0.3792371235567924,0.10307310109322006,0.7162281422793352
German DR,0.2737687423245851,0.460956411949699,-0.37758809324900106,0.46394389090622346,0.6513568355735861
Germany,1.1031682365330087,0.07305411802217031,-0.7462483033003826,0.09507381125953009,1.8494165398333913
Ghana,0.3730768083118756,0.0951756154912032,-0.5906453440523424,0.10473633429252692,0.963722152364218
Gibraltar,-0.5334642632193247,0.16462922952302367,0.4939754104110809,0.08266794511431184,-1.0274396736304057
Gotland,0.22425963140924252,0.24288320290132465,0.3578178900134617,0.2829915459892293,-0.1335582586042192
Gozo,-0.30070332956407997,0.3373610240332268,-0.2578612177812706,0.35632806968655745,-0.04284211178280939
Greece,0.3168161228436514,0.1026962138405526,-0.7787160863895672,0.11261838561921822,1.0955322092332187
Greenland,0.04650583386455132,0.20704124837607296,0.30936576770905155,0.2171519437415446,-0.26285993384450024
Grenada,-0.3492416587956601,0.13194571019493753,0.5771628197099884,0.10499392364587179,-0.9264044785056484
Guadeloupe,-0.080513662468636,0.11758369541500154,0.015117691676793225,0.14215215381486937,-0.09563135414542923
Guam,-0.9664284224065572,0.18546400087114406,1.0979253542125342,0.11710753551462354,-2.0643537766190914
Guatemala,0.1520198382309972,0.09912926686372435,-0.36847134412619487,0.10823845605946025,0.520491182357192
Guernsey,0.3758556615444021,0.1777863529913831,-0.26181256657038093,0.24091414739039063,0.637668228114783
Guinea,0.3324490652624426,0.10732031299836037,-0.2952795815129505,0.10425979067863182,0.6277286467753931
Guinea-Bissau,-0.054160150139657595,0.1518779392574392,-0.012430741441870983,0.12602269957756573,-0.041729408697786616
Guyana,-0.04455227164383827,0.11753864314237798,0.2878345679244815,0.12016908425011572,-0.33238683956831977
Haiti,0.2593008048128481,0.10012058180313857,-0.19448604869494826,0.10950772421120235,0.45378685350779635
Hitra,-0.15491591301821372,0.29721160789985135,0.7785531989997748,0.24877016643585007,-0.9334691120179885
Hmong,-0.1807998142944884,0.34328246632621534,0.9278836904141973,0.3583229360304454,-1.1086835047086856
Honduras,0.2996352930232256,0.09567222731007863,-0.4403177248467925,0.09160994895281467,0.7399530178700181
Hong Kong,-0.4102993574727381,0.11601270404361878,0.2010521662747637,0.10697366876224207,-0.6113515237475018
Hungary,0.4890222006729119,0.09677042566441305,-0.54508468577451,0.10340191678334613,1.0341068864474219
Iceland,0.3927520343191724,0.09577044372903137,-0.3701324563522916,0.08869293905805495,0.762884490671464
India,-0.30084448012812737,0.10389130022757943,0.20584542627224445,0.10431731892430884,-0.5066899064003718
Indonesia,-0.12200320982530835,0.09864672346653408,0.3056985734755366,0.0962921854493582,-0.42770178330084496
Iran,0.6421648751533635,0.07752712312866537,-0.8495558723945367,0.1174958425704409,1.4917207475479002
Iraq,0.24988780237893005,0.08981111631396771,-0.5222924601561661,0.09904288926862079,0.7721802625350962
Iraqi Kurdistan,0.4961649473303572,0.2576733962821965,-0.4451142878493416,0.33342725118004873,0.9412792351796988
Isle of Man,0.5317077649212136,0.17498639137180666,-0.042230943314865224,0.24272695729872923,0.5739387082360788
Isle of Wight,0.18389957254996422,0.2325515655459274,-0.17496333565851183,0.2990265087089913,0.35886290820847605
Israel,0.570507776649177,0.10128347286937646,-0.2805950454802058,0.10135025537661944,0.8511028221293828
Italy,0.799947485053146,0.0832041518298814,-1.0259516749065671,0.1103745543486464,1.8258991599597132
Ivory Coast,0.5717674605404917,0.08597778598213687,-0.6480186869153352,0.1085068440996908,1.2197861474558267
Jamaica,0.21756887696833724,0.0925488493482539,-0.3983444415427894,0.0953331701455609,0.6159133185111266
Japan,0.7841168448163621,0.07075830145290608,-0.701830973431587,0.09747920950586994,1.485947818247949
Jersey,0.4626079342749592,0.168199194095586,-0.44238852182159083,0.25972022078964146,0.90499645609655
Jordan,0.21922627018946572,0.08812836766289078,-0.37647319836626786,0.09684264732352643,0.5956994685557335
Kabylia,-0.05061625449886497,0.37173323095181415,0.46795119210258973,0.3521744873918246,-0.5185674466014547
Kárpátalja,0.4790328419363003,0.28858458167052425,-0.31509795996403406,0.35403419636321265,0.7941308019003344
Kazakhstan,0.08582996026578982,0.118110962786486,-0.1296004131786521,0.09818994359080244,0.2154303734444419
Kenya,-0.08085832333963568,0.11559898887386211,-0.25993368940697575,0.11600613380149767,0.1790753660673401
Kernow,0.199109085705176,0.34719318358780726,-0.34983637084205965,0.48132456101952614,0.5489454565472356
Kiribati,-0.4070781660077153,0.4329281364806256,1.9829485399040898,0.29353360257128025,-2.390026705911805
Kosovo,0.3300789687306231,0.1232568188074458,-0.2979177599293237,0.12364017701828778,0.6279967286599468
Kuwait,0.12365438710607889,0.0944483794346824,-0.18607416686604325,0.09950253819610094,0.3097285539721221
Kyrgyzstan,-0.13828982691721947,0.12062588752557905,0.1548887478005783,0.11170344466801445,-0.29317857471779774
Laos,-0.8170402720413444,0.144785600831803,1.0818050390071163,0.10544307395347194,-1.8988453110484609
Latvia,0.009735843283687238,0.11305736924886944,-0.12164688185022583,0.09335408623750918,0.13138272513391308
Lebanon,-0.22736293414354672,0.1189629959717305,-0.17103735868804806,0.1053732140899897,-0.056325575455498655
Lesotho,-0.35148063055512996,0.14504566874565952,0.041799956334514644,0.11227341480861655,-0.3932805868896446
Liberia,-0.19807335357142453,0.16107523149294045,-0.04574094349900283,0.12047397538005072,-0.1523324100724217
Libya,0.15893583797680358,0.11489489165054682,-0.3466227128855986,0.11509676247597243,0.5055585508624022
Liechtenstein,-0.9190062318141784,0.18262699569543303,0.34381997180470447,0.08171653717553777,-1.2628262036188829
Lithuania,-0.1914130943812039,0.13139566408300693,-0.10591318936707962,0.09051114369513638,-0.08549990501412429
Luxembourg,-0.07965367440790268,0.12447368196009898,-0.017755233801185964,0.08853061909756248,-0.06189844060671672
Macau,-1.124880518425481,0.18940345227493255,1.0948674298659493,0.1332758233655909,-2.21974794829143
Madagascar,-0.035921253448154895,0.13299535619720348,-0.04412998968952762,0.12232471312501063,0.008208736241372722
Madrid,-0.024726986944122165,0.5214140999727079,0.06540775044894406,0.6325854486824259,-0.09013473739306622
Malawi,-0.19584048197484244,0.12354995953513291,-0.198006692793901,0.10924998610237889,0.0021662108190585727
Malaysia,-0.13484976475457142,0.09234588453553262,0.23233532442516922,0.09789523819188709,-0.36718508917974063
Maldives,-0.5043286207716311,0.12142027084896084,0.7058088903974429,0.1085249261048868,-1.210137511169074
Mali,0.4100766396925752,0.09856499218858938,-0.5947483574038359,0.11932556577305063,1.0048249970964112
Malta,-0.3112963698111394,0.13452820783216757,0.08243916476939571,0.086464305053779,-0.3937355345805351
Mapuche,0.0855822427354789,0.45339729404322815,-0.04795216103730355,0.5332372238758861,0.13353440377278245
Martinique,0.02174652345059302,0.12413658639640719,-0.0183568463072488,0.1287689250593865,0.04010336975784182
Matabeleland,-0.46037154658436874,0.3440477330009756,0.21357920395597807,0.347798412148502,-0.6739507505403468
Maule Sur,-0.13341193411495883,0.45270736069269535,-0.5532591314540743,0.565659782771342,0.4198471973391155
Mauritania,-0.11535182306463412,0.13477094267689654,-0.23716143892516042,0.11397475003595797,0.1218096158605263
Mauritius,-0.5630371948073489,0.16483745313201967,0.3620342098943938,0.12159033251391135,-0.9250714047017428
Mayotte,-0.020697432575358363,0.3372636839840209,0.3043805089385784,0.35485126700653,-0.32507794151393676
Menorca,0.10936739725473849,0.22977438848707618,0.010522346008438207,0.2687637160129763,0.09884505124630028
Mexico,0.7742177001284217,0.07301635469089267,-0.8311676947231579,0.08912769781329963,1.6053853948515795
Micronesia,-0.2983465063840035,0.45714053547080075,1.4440706321405616,0.4926855339188179,-1.7424171385245653
Moldova,-0.23435150036416805,0.12992062257060863,-0.07139123539354694,0.09037661133844554,-0.1629602649706211
Monaco,-0.1692463178894196,0.42341401605867546,0.7617170644895025,0.40317255859234985,-0.9309633823789221
Mongolia,-0.7719893148378315,0.16526634257071496,0.7767422138526024,0.13287693763405894,-1.548731528690434
Montenegro,0.25458351212590774,0.11794383431677677,-0.3765903249637057,0.11165397787633978,0.6311738370896134
Montserrat,-0.3019724123197385,0.17357925122223342,0.6711934745962471,0.15018878821234127,-0.9731658869159856
Morocco,0.5580834731442759,0.08634204596761777,-0.9561306703098469,0.12183382124052218,1.5142141434541228
Mozambique,-0.02736082056276446,0.11783855817527748,-0.09390792182572161,0.10800605454368785,0.06654710126295715
Myanmar,-0.592976894416767,0.12641946485089633,0.6260461290049478,0.09472009405461329,-1.2190230234217148
Namibia,-0.09956521103757161,0.12810694336757042,-0.2704073361493057,0.11961883996274349,0.17084212511173408
Nepal,-0.9696204427442974,0.13906092039343412,0.5455267955176506,0.10566879606098915,-1.515147238261948
Netherlands,1.0034863930284021,0.07786254284961577,-0.9091641793279712,0.10718126417950248,1.9126505723563734
New Caledonia,0.01085585138354317,0.1354958054609091,0.09902787032263982,0.1632401636507568,-0.08817201893909665
New Zealand,0.24755721681475654,0.12867999204236402,-0.4006187703704266,0.12853281663227598,0.6481759871851831
Nicaragua,-0.08801755648277647,0.11598575951140895,0.024810575567164084,0.11625294539156247,-0.11282813204994055
Niger,-0.06991783828972979,0.137164510707552,0.0011384213853855845,0.11000716020379124,-0.07105625967511538
Nigeria,0.43542027488309576,0.08995469555846737,-0.6615351522983609,0.1056299586686838,1.0969554271814568
Niue,-0.009751687796856878,0.5437687267780331,0.12954209230014627,0.6849307561072829,-0.13929378009700313
North Korea,0.15558324473549165,0.11648484747064601,-0.2026859768267926,0.12373315727367443,0.35826922156228425
North Macedonia,0.3066488214639803,0.10365093463271666,-0.3769773473356189,0.10090598548516458,0.6836261687995993
Northern Cyprus,0.5142711892122273,0.19913897465190064,-0.5588503058458453,0.3136084214081703,1.0731214950580725
Northern Ireland,0.1113997508982053,0.11871459120316993,-0.5028053770288252,0.10728552868141601,0.6142051279270305
Northern Mariana Islands,-1.050969289900691,0.3132002022132958,1.9572183254854856,0.2104255918544254,-3.0081876153861766
Norway,0.5928176312402843,0.09324552892732153,-0.6686843993458443,0.10852635184186245,1.2615020305861286
Occitania,0.2833860404482638,0.32461642487214554,-0.2534179495721282,0.3716583716665532,0.536803990020392
Oman,0.0809618869202492,0.08866274795033652,-0.4544118784356423,0.1003654699786692,0.5353737653558914
Orkney,-0.29057949417376594,0.2694899603626342,0.39035548408948284,0.2434416120330365,-0.6809349782632488
Padania,0.5063817047285447,0.17106216262369014,-0.6434723480570536,0.2584356431088357,1.1498540527855983
Pakistan,-0.9724988509964796,0.1969697720965689,0.7628910019001232,0.1316193223794606,-1.7353898528966027
Palau,-0.03743562687068465,0.526789270213221,0.3765847360953703,0.6803218560302546,-0.41402036296605493
Palestine,0.040787453147369666,0.1103925084528347,-0.15617588924837708,0.1160214704514111,0.19696334239574675
Panama,0.3816104248022443,0.08893927695417822,-0.48327502359163965,0.09105473915509187,0.8648854483938839
Panjab,0.5428749203325033,0.2653969310431213,-0.15847196732725072,0.32247476414239096,0.701346887659754
Papua New Guinea,-0.0015637964611122808,0.16942448585050945,0.40828935197128385,0.17452907791681319,-0.4098531484323961
Paraguay,0.47844107991865115,0.11218212732773876,-0.7553942001055155,0.1003555284835238,1.2338352800241665
Parishes of Jersey,0.18948477239425007,0.35866952243429345,-0.1204033110810967,0.48383209455999904,0.3098880834753468
Peru,0.5301261260819101,0.10717376556724392,-0.8008717778371535,0.10039626402284797,1.3309979039190636
Philippines,-0.4711254967686481,0.11797070907468071,0.2947388524002408,0.11064827580804416,-0.7658643491688889
Poland,0.6549936448001887,0.0857253302668978,-0.6698863754024785,0.10067108056153845,1.3248800202026674
Portugal,0.9869592191878704,0.07518724821832802,-1.084802459792752,0.11579656460574043,2.0717616789806224
Provence,0.32432512411536696,0.31710488193981023,0.408657651119272,0.3300105516714041,-0.08433252700390503
Puerto Rico,-0.14887452083964595,0.13059087385347382,0.3873652819866446,0.1440938672261404,-0.5362398028262906
Qatar,0.3651166927239286,0.0772179749221899,-0.37218879616137396,0.08787974444414137,0.7373054888853026
Raetia,-0.03860281043895975,0.33053947334742934,0.8324414989347648,0.28761705933134846,-0.8710443093737246
Republic of Ireland,0.38320972671718784,0.10081454419705245,-0.7681970798538847,0.11056888642855277,1.1514068065710725
Republic of St. Pauli,-0.02694074053554981,0.46211546052372743,0.08796444230899765,0.6264456841073947,-0.11490518284454745
Réunion,0.14403410494662658,0.28169355119743456,-0.1524617055417546,0.4059824893253443,0.29649581048838114
Rhodes,-0.03570078980368773,0.3768953094500009,-0.18584756523003776,0.4622697234758761,0.15014677542635002
Romani people,0.30351456028284785,0.4566671895364642,0.15972725309996683,0.4694944539568858,0.14378730718288102
Romania,0.5351902802009001,0.09468645401895391,-0.6868712070438556,0.11008934680145085,1.2220614872447557
Russia,0.6710123010137877,0.09425590297110838,-0.7402849984819213,0.11411935308587061,1.411297299495709
Rwanda,-0.07349879088929351,0.12457150504228978,-0.31613705403790215,0.12563353089345947,0.24263826314860865
Saare County,-0.13864368138455527,0.28541019472407436,0.46966015252940546,0.260431249051718,-0.6083038339139607
Saint Helena,-0.503717626757182,0.3390009016485293,1.1398161771326154,0.21011849525927223,-1.6435338038897975
Saint Kitts and Nevis,-0.37262071348236026,0.12613339300993218,0.3754113876830692,0.1196005282042959,-0.7480321011654294
Saint Lucia,-0.5338055545147494,0.14463588467952512,0.4363548878639087,0.13656687804868875,-0.9701604423786581
Saint Martin,-0.4608206377403421,0.17177684537282506,1.0150404040230196,0.1704804229307174,-1.4758610417633617
Saint Pierre and Miquelon,-0.3300589712510137,0.4499876806949769,1.91846739029871,0.26229179492909277,-2.2485263615497235
Saint Vincent and the Grenadines,-0.27772397690059286,0.13555111945916734,0.7128727777090118,0.1126928885194395,-0.9905967546096046
Samoa,-0.9652385715984877,0.26647204315196965,1.4025057325849806,0.19383767023762155,-2.3677443041834683
San Marino,-1.413760485391147,0.23727630210600242,0.6810544704323139,0.07477190887804205,-2.0948149558234608
São Tomé and Príncipe,-0.36826215474337115,0.23551232332013475,0.6967975065877275,0.1367036261567093,-1.0650596613310988
Sápmi,0.4895401924540527,0.2361495941759657,0.1625246375659198,0.23909674746975984,0.32701555488813294
Sark,-0.19375249944059678,0.500459632732074,1.7920517948235082,0.4689528646560604,-1.985804294264105
Saudi Arabia,0.308562852918841,0.08287722344308004,-0.5508840965761871,0.09516876273337269,0.8594469494950281
Scotland,0.49584738898202796,0.10128232712368637,-0.6088134016732286,0.10565876930910784,1.1046607906552566
Senegal,0.5195871136655195,0.08981164148583372,-0.8120834283683612,0.1185060395020576,1.3316705420338808
Serbia,0.7674896111327059,0.08923256068041674,-0.6849398070358871,0.10343934635016844,1.452429418168593
Seychelles,-0.7627986552464641,0.19107265034997775,0.7404499311178475,0.11195829823145437,-1.5032485863643115
Shetland,0.18403702652594825,0.2034545579485136,0.2436866411518167,0.22018485831338244,-0.05964961462586846
Sierra Leone,-0.19680197021921778,0.15762693838404018,-0.06948942775427298,0.1271376451027464,-0.12731254246494478
Silesia,0.007593610515355865,0.5377544820195818,-0.05929744189932852,0.650507037889494,0.06689105241468439
Singapore,-0.35299731570036985,0.10520618663146039,0.3189931148176875,0.09505537052248567,-0.6719904305180573
Sint Maarten,-0.5430783129114369,0.1767818728100492,1.1704330562893643,0.1512758267466781,-1.7135113692008013
Slovakia,0.47793046225046154,0.09720892287440124,-0.6236698147378327,0.1067862003156623,1.1016002769882942
Slovenia,0.3746910246800781,0.10304895714954992,-0.6446670536991386,0.11479029850336041,1.0193580783792167
Solomon Islands,0.029602776784740326,0.13326850888357206,0.23429174651876328,0.15034709402727253,-0.20468896973402295
Somalia,-0.7938420976546581,0.27082009352449465,0.6351217796018361,0.14374176317658607,-1.428963877256494
Somaliland,0.13455793440518887,0.3617628881151399,0.49863647932754435,0.3447784722705448,-0.3640785449223555
South Africa,0.1894644183271068,0.09668367353517258,-0.6311926640854496,0.11105409667749203,0.8206570824125564
South Korea,0.5725318645771301,0.0778699320528746,-0.7129791012137161,0.09804994962238353,1.2855109657908463
South Ossetia,0.22010482136944887,0.28035036456814777,0.11055860142697627,0.2750958405064752,0.1095462199424726
South Sudan,-0.48302632739455253,0.1937058279735423,0.19613199059109493,0.13653809392813884,-0.6791583179856475
Spain,1.1089267919801797,0.07380510265272369,-1.1835556819575561,0.11727452186386834,2.292482473937736
Sri Lanka,-0.8250626603001368,0.15620105953619326,0.8744336841275806,0.11172938106644145,-1.6994963444277174
Sudan,-0.1532488421724393,0.12204010833402364,-0.1610368896877866,0.10709415854525141,0.007788047515347285
Suriname,-0.06269019743086918,0.12413660063946978,0.017442209440520818,0.13990409538435758,-0.08013240687138999
Surrey,0.027614610596621427,0.4633501634168134,-0.021265274054956047,0.6172286565090221,0.04887988465157747
Sweden,0.6928357479811982,0.08500983693239318,-0.7849039765174296,0.09981436969397842,1.477739724498628
Switzerland,0.732949755531581,0.08673687532691614,-0.7351644990880982,0.1035429150176394,1.4681142546196793
Syria,0.18834988159580146,0.09790465818519321,-0.2789382294214181,0.09791819819454461,0.46728811101721957
Székely Land,0.38105575532592145,0.19818222655693044,0.21860496575813007,0.2071360709486353,0.16245078956779138
Tahiti,0.023067642839059106,0.15000142845739717,0.26629031534507486,0.1647976367130292,-0.24322267250601576
Taiwan,-0.47504987319176556,0.14460370172145795,0.6968908717032718,0.11148598125536625,-1.1719407448950374
Tajikistan,-0.053190764896415325,0.11468091442419016,-0.06705446095883148,0.11751369823163174,0.013863696062416157
Tamil Eelam,-0.20646765523762117,0.22106791009490384,0.5408797598995635,0.23064972494752992,-0.7473474151371846
Tanzania,-0.13987778846052087,0.11836942133502305,-0.17137361372728024,0.10611202972261444,0.03149582526675937
Thailand,0.031209449791626293,0.09280032232757904,-0.028783889940624755,0.0983946866434401,0.059993339732251044
Tibet,-0.24509711104488463,0.31720336013572964,1.005961209231711,0.23522875402417281,-1.2510583202765955
Ticino,-0.39093721899712425,0.4390898288589636,1.490119022854628,0.4567101185483637,-1.8810562418517522
Timor-Leste,-0.9577804160147808,0.19804657830435926,1.2246422358079345,0.12012451140862257,-2.182422651822715
Togo,0.053473490354018785,0.12545846889001555,-0.22555098929318296,0.11505110305328867,0.27902447964720173
Tonga,-1.053136809689167,0.2718872072722454,1.4739994693807021,0.17692788973547802,-2.527136279069869
Trinidad and Tobago,0.13335054947944314,0.0922964090337977,-0.1347301692160845,0.09354278874458241,0.26808071869552763
Tunisia,0.4791843316620404,0.08801592827981584,-0.73417730988063,0.10755998928052994,1.2133616415426705
Turkey,0.6802876576120487,0.08747636337980161,-0.5904352493777797,0.09995950584061687,1.2707229069898283
Turkmenistan,-0.14212016382066503,0.1440162728224099,0.1715006657032289,0.12924721180764367,-0.3136208295238939
Turks and Caicos Islands,-0.8748812218628306,0.18707158553983017,1.5854479168666722,0.1257260111177676,-2.4603291387295028
Tuvalu,-0.7464733707625179,0.2666499590392276,1.552960542935099,0.14772185326267034,-2.2994339136976167
Two Sicilies,-0.2877388274166401,0.42632389088802236,0.587826266874565,0.3155516312195168,-0.875565094291205
Uganda,0.022678190811456306,0.102722697566622,-0.5178201353228877,0.11316975013968145,0.540498326134344
Ukraine,0.6038451307577591,0.09612376616930678,-0.7635282074429229,0.10925738320056153,1.367373338200682
United Arab Emirates,0.27593514714323153,0.08489994242207811,-0.32169410319029496,0.0964588009617607,0.5976292503335265
United Koreans in Japan,-0.39082182254189796,0.32557027443096087,-0.393292483512265,0.36619745749647914,0.0024706609703670224
United States,0.7105642874960936,0.07352756963124107,-0.7703029810027573,0.0954699272078945,1.4808672684988509
United States Virgin Islands,-1.3317041605328084,0.20919529577812174,1.2747793111282502,0.12644180082245368,-2.6064834716610585
Uruguay,0.9090946518289647,0.08966526029377599,-0.9645562899865656,0.10618916746246122,1.8736509418155303
Uzbekistan,0.3998317128061655,0.08933084132936915,-0.5121496739550745,0.10863779298070825,0.91198138676124
Vanuatu,0.005532137946606648,0.15237547324253717,0.29889249995512923,0.1779119532918057,-0.29336036200852256
Vatican City,-0.593920822034578,0.44610173141930526,0.46432555707048845,0.4927185623246517,-1.0582463791050665
Venezuela,0.5427542822594205,0.10713022023909659,-0.6185544720876902,0.09766135532680889,1.1613087543471106
Vietnam,-0.033146563360476555,0.10463702994788601,-0.00822274765733156,0.11065115390065608,-0.024923815703144996
Wales,0.35890677185012315,0.10829634951961857,-0.7188578480693937,0.10904925857392067,1.0777646199195168
Wallis Islands and Futuna,-0.1547131628436455,0.4869246908219593,0.6492414836478996,0.5840386500605079,-0.803954646491545
Western Armenia,0.26810261133039354,0.24629648237532528,-0.27062887450378054,0.2951936580269973,0.5387314858341741
Western Australia,-0.007379441914892003,0.5428171572164763,-0.0012952195781016067,0.6877862880480788,-0.006084222336790396
Western Isles,-0.3107634969672936,0.2444562653684592,0.3850948925518576,0.20876980768044986,-0.6958583895191512
Western Sahara,-0.1537781048522521,0.39625571708184576,0.43124447132548727,0.4496832404801057,-0.5850225761777393
Yemen,-0.45044541301490293,0.15328663654887656,0.2527896086230109,0.10693292961440701,-0.7032350216379138
Yemen DPR,-0.008653153268669523,0.5330135597103873,0.053018365140293844,0.6435534569812409,-0.061671518408963365
Ynys Môn,0.1782783395628946,0.18769965864087423,0.13201954026155877,0.21688969528865287,0.046258799301335835
Yorkshire,0.4451015786395006,0.2767635082649349,0.10191796779607715,0.37982815320776286,0.34318361084342347
Yoruba Nation,-0.23684382237065263,0.4599997093524267,0.05469508615261543,0.540519767237918,-0.2915389085232681
Yugoslavia,0.3373783571203512,0.4521628860425219,-0.4370509441810158,0.4424116388774867,0.774429301301367
Zambia,0.27437031491789454,0.09221820586429715,-0.3560092559870745,0.09891594582234203,0.6303795709049691
Zanzibar,0.08574475946447789,0.20855896122429174,-0.011050110653083464,0.21315366235810032,0.09679487011756135
Zimbabwe,0.11505802137841196,0.11110436479378817,-0.3148446564803652,0.11899741396751502,0.42990267785877717
